,0
0,[]
1,[date]
2,[date]
3,[date]
4,[date]
5,[date]
6,[date]
7,[date]
8,[date]
9,[date]
10,[date]
11,[date]
12,[date]
13,[date]
14,[date]
15,[date]
16,[date]
17,[]
18,[date]
19,[date]
20,[date]
21,[date]
22,[date]
23,[date]
24,[date]
25,[date]
26,[date]
27,[date]
28,[date]
29,[date]
30,[date]
31,[date]
32,[date]
33,[date]
34,[date]
35,[date]
36,[date]
37,[date]
38,[date]
39,[date]
40,[date]
41,[date]
42,[date]
43,[date]
44,[date]
45,[date]
46,[date]
47,[date]
48,[date]
49,[date]
50,[date]
51,[date]
52,[date]
53,[date]
54,[date]
55,[date]
56,[date]
57,[date]
58,[date]
59,[date]
60,[date]
61,[date]
62,[date]
63,[date]
64,[date]
65,[date]
66,[date]
67,[date]
68,[date]
69,[date]
70,[date]
71,[date]
72,[date]
73,[date]
74,[date]
75,[date]
76,[date]
77,[date]
78,[date]
79,[date]
80,[date]
81,[date]
82,[date]
83,[date]
84,[date]
85,[date]
86,[date]
87,[date]
88,[date]
89,[date]
90,[date]
91,[date]
92,[date]
93,[date]
94,[date]
95,[date]
96,[date]
97,[date]
98,[date]
99,[date]
100,[date]
101,[date]
102,[date]
103,[date]
104,[date]
105,[date]
106,[date]
107,[date]
108,[date]
109,[date]
110,[date]
111,[date]
112,[date]
113,[date]
114,[date]
115,[date]
116,[date]
117,[date]
118,[date]
119,[date]
120,[date]
121,[date]
122,[date]
123,[date]
124,[date]
125,[date]
126,[date]
127,[date]
128,[date]
129,[date]
130,[date]
131,[date]
132,[date]
133,[date]
134,[date]
135,[date]
136,[date]
137,[date]
138,[date]
139,[date]
140,[date]
141,[date]
142,[date]
143,[date]
144,[date]
145,[date]
146,[date]
147,[date]
148,[date]
149,[date]
150,[date]
151,[date]
152,[date]
153,[date]
154,[date]
155,[date]
156,[date]
157,[date]
158,[date]
159,[date]
160,[date]
161,[date]
162,[date]
163,[date]
164,[date]
165,[date]
166,[date]
167,[date]
168,[date]
169,[date]
170,[date]
171,[date]
172,[date]
173,[date]
174,[date]
175,[date]
176,[date]
177,[date]
178,[date]
179,[date]
180,[date]
181,[date]
182,[date]
183,[date]
184,[date]
185,[date]
186,[date]
187,[date]
188,[date]
189,[date]
190,[date]
191,[date]
192,[date]
193,[date]
194,[date]
195,[date]
196,[date]
197,[date]
198,[date]
199,[date]
200,[date]
201,[date]
202,[date]
203,[date]
204,[date]
205,[date]
206,[date]
207,[date]
208,[date]
209,[date]
210,[date]
211,[date]
212,[date]
213,[date]
214,[date]
215,[date]
216,[date]
217,[date]
218,[date]
219,[date]
220,[date]
221,[date]
222,[date]
223,[date]
224,[date]
225,[date]
226,[date]
227,[date]
228,[date]
229,[date]
230,[date]
231,[date]
232,[date]
233,[date]
234,[date]
235,[date]
236,[date]
237,[date]
238,[date]
239,[date]
240,[date]
241,[date]
242,[date]
243,[date]
244,[date]
245,[date]
246,[date]
247,[date]
248,[date]
249,[date]
250,[date]
251,[date]
252,[date]
253,[date]
254,[date]
255,[date]
256,[date]
257,[date]
258,[date]
259,[date]
260,[date]
261,[date]
262,[date]
263,[date]
264,[date]
265,[date]
266,[date]
267,[date]
268,[date]
269,[date]
270,[date]
271,[date]
272,[date]
273,[date]
274,[date]
275,[date]
276,[date]
277,[date]
278,[date]
279,[date]
280,[date]
281,[date]
282,[date]
283,[date]
284,[date]
285,[date]
286,[date]
287,[date]
288,[date]
289,[date]
290,[date]
291,[date]
292,[date]
293,[date]
294,[date]
295,[date]
296,[date]
297,[date]
298,[date]
299,[date]
300,[date]
301,[date]
302,[date]
303,[date]
304,[date]
305,[date]
306,[date]
307,[date]
308,[date]
309,[date]
310,[date]
311,[date]
312,[date]
313,[date]
314,[date]
315,[date]
316,[date]
317,[date]
318,[date]
319,[date]
320,[date]
321,[date]
322,[date]
323,[date]
324,[date]
325,[date]
326,[date]
327,[date]
328,[date]
329,[date]
330,[date]
331,[date]
332,[date]
333,[date]
334,[date]
335,[date]
336,[date]
337,[date]
338,[date]
339,[date]
340,[date]
341,[date]
342,[date]
343,[date]
344,[date]
345,[date]
346,[date]
347,[date]
348,[date]
349,[date]
350,[date]
351,[date]
352,[date]
353,[date]
354,[date]
355,[date]
356,[]
357,[date]
358,[date]
359,[date]
360,[date]
361,[date]
362,[date]
363,[date]
364,[date]
365,[date]
366,[date]
367,[date]
368,[date]
369,[date]
370,[date]
371,[date]
372,[date]
373,[date]
374,[date]
375,[date]
376,[date]
377,[date]
378,[date]
379,[date]
380,[date]
381,[date]
382,[date]
383,[date]
384,[date]
385,[date]
386,[date]
387,[date]
388,[date]
389,[date]
390,[date]
391,[date]
392,[date]
393,[date]
394,[date]
395,[date]
396,[date]
397,[date]
398,[date]
399,[date]
400,[date]
401,[date]
402,[date]
403,[date]
404,[date]
405,[date]
406,[date]
407,[date]
408,[date]
409,[date]
410,[date]
411,[date]
412,[date]
413,[date]
414,[date]
415,[date]
416,[date]
417,[date]
418,[date]
419,[date]
420,[date]
421,[date]
422,[date]
423,[date]
424,[date]
425,[date]
426,[date]
427,[date]
428,[date]
429,[date]
430,[date]
431,[date]
432,[date]
433,[date]
434,[date]
435,[date]
436,[date]
437,[date]
438,[date]
439,[date]
440,[date]
441,[date]
442,[date]
443,[date]
444,[date]
445,[date]
446,[date]
447,[date]
448,[date]
449,[date]
450,[date]
451,[date]
452,[date]
453,[date]
454,[date]
455,[date]
456,[date]
457,[date]
458,[date]
459,[date]
460,[date]
461,[date]
462,[date]
463,[date]
464,[date]
465,[date]
466,[date]
467,[date]
468,[date]
469,[date]
470,[date]
471,[date]
472,[date]
473,[date]
474,[date]
475,[date]
476,[date]
477,[date]
478,[date]
479,[date]
480,[date]
481,[date]
482,[date]
483,[date]
484,[date]
485,[date]
486,[date]
487,[date]
488,[date]
489,[date]
490,[date]
491,[date]
492,[date]
493,[date]
494,[date]
495,[date]
496,[date]
497,[date]
498,[date]
499,[date]
500,[date]
501,[date]
502,[date]
503,[date]
504,[date]
505,[date]
506,[date]
507,[date]
508,[date]
509,[date]
510,[date]
511,[date]
512,[date]
513,[date]
514,[date]
515,[date]
516,[date]
517,[date]
518,[date]
519,[date]
520,[date]
521,[date]
522,[date]
523,[date]
524,[date]
525,[date]
526,[date]
527,[date]
528,[date]
529,[date]
530,[date]
531,[date]
532,[date]
533,[date]
534,[date]
535,[date]
536,[date]
537,[date]
538,[date]
539,[date]
540,[date]
541,[date]
542,[date]
543,[date]
544,[date]
545,[date]
546,[date]
547,[date]
548,[date]
549,[date]
550,[date]
551,[date]
552,[date]
553,[date]
554,[date]
555,[date]
556,[date]
557,[date]
558,[date]
559,[date]
560,[date]
561,[date]
562,[date]
563,[date]
564,[date]
565,[date]
566,[date]
567,[date]
568,[date]
569,[date]
570,[date]
571,[date]
572,[date]
573,[date]
574,[date]
575,[date]
576,[date]
577,[date]
578,[date]
579,[date]
580,[date]
581,[date]
582,[date]
583,[date]
584,[date]
585,[date]
586,[date]
587,[date]
588,[date]
589,[date]
590,[date]
591,[date]
592,[date]
593,[date]
594,[date]
595,[date]
596,[date]
597,[date]
598,[date]
599,[date]
600,[date]
601,[date]
602,[date]
603,[date]
604,[date]
605,[date]
606,[date]
607,[date]
608,[date]
609,[date]
610,[date]
611,[date]
612,[date]
613,[date]
614,[date]
615,[date]
616,[date]
617,[date]
618,[date]
619,[date]
620,[date]
621,[date]
622,[date]
623,[date]
624,[date]
625,[date]
626,[date]
627,[date]
628,[date]
629,[date]
630,[date]
631,[date]
632,[date]
633,[date]
634,[date]
635,[date]
636,[date]
637,[date]
638,[date]
639,[date]
640,[date]
641,[date]
642,[date]
643,[date]
644,[date]
645,[date]
646,[date]
647,[date]
648,[date]
649,[date]
650,[date]
651,[date]
652,[date]
653,[date]
654,[date]
655,[date]
656,[date]
657,[date]
658,[date]
659,[date]
660,[date]
661,[date]
662,[date]
663,[date]
664,[date]
665,[date]
666,[date]
667,[date]
668,[date]
669,[date]
670,[date]
671,[date]
672,[date]
673,[date]
674,[date]
675,[date]
676,[date]
677,[date]
678,[date]
679,[date]
680,[date]
681,[date]
682,[date]
683,[date]
684,[date]
685,[date]
686,[date]
687,[date]
688,[date]
689,[date]
690,[date]
691,[date]
692,[date]
693,[date]
694,[date]
695,[date]
696,[date]
697,[date]
698,[date]
699,[date]
700,[date]
701,[date]
702,[date]
703,[date]
704,[date]
705,[date]
706,[date]
707,[date]
708,[date]
709,[date]
710,[date]
711,[date]
712,[date]
713,[date]
714,[date]
715,[date]
716,[date]
717,[date]
718,[date]
719,[date]
720,[date]
721,[date]
722,[date]
723,[date]
724,[date]
725,[date]
726,[date]
727,[date]
728,[date]
729,[date]
730,[date]
731,[date]
732,[date]
733,[date]
734,[date]
735,[date]
736,[date]
737,[date]
738,[date]
739,[date]
740,[date]
741,[date]
742,[date]
743,[date]
744,[date]
745,[date]
746,[date]
747,[date]
748,[date]
749,[date]
750,[date]
751,[date]
752,[date]
753,[date]
754,[date]
755,[date]
756,[date]
757,[date]
758,[date]
759,[date]
760,[date]
761,[date]
762,[date]
763,[date]
764,[date]
765,[date]
766,[date]
767,[date]
768,[date]
769,[date]
770,[date]
771,[date]
772,[date]
773,[date]
774,[date]
775,[date]
776,[date]
777,[date]
778,[date]
779,[date]
780,[date]
781,[date]
782,[date]
783,[date]
784,[date]
785,[date]
786,[date]
787,[date]
788,[date]
789,[date]
790,[date]
791,[date]
792,[date]
793,[date]
794,[date]
795,[date]
796,[date]
797,[date]
798,[date]
799,[date]
800,[date]
801,[date]
802,[date]
803,[date]
804,[date]
805,[date]
806,[date]
807,[date]
808,[date]
809,[date]
810,[date]
811,[date]
812,[date]
813,[date]
814,[date]
815,[date]
816,[date]
817,[date]
818,[date]
819,[date]
820,[date]
821,[date]
822,[date]
823,[date]
824,[date]
825,[date]
826,[date]
827,[date]
828,[date]
829,[date]
830,[date]
831,[date]
832,[date]
833,[date]
834,[date]
835,[date]
836,[date]
837,[date]
838,[date]
839,[date]
840,[date]
841,[date]
842,[date]
843,[date]
844,[date]
845,[date]
846,[date]
847,[date]
848,[date]
849,[date]
850,[date]
851,[date]
852,[date]
853,[date]
854,[date]
855,[date]
856,[date]
857,[date]
858,[date]
859,[date]
860,[date]
861,[date]
862,[date]
863,[date]
864,[date]
865,[date]
866,[date]
867,[date]
868,[date]
869,[date]
870,[date]
871,[date]
872,[date]
873,[date]
874,[date]
875,[date]
876,[date]
877,[date]
878,[date]
879,[date]
880,[date]
881,[date]
882,[date]
883,[date]
884,[date]
885,[date]
886,[date]
887,[date]
888,[date]
889,[date]
890,[date]
891,[date]
892,[date]
893,[date]
894,[date]
895,[date]
896,[date]
897,[date]
898,[date]
899,[date]
900,[date]
901,[date]
902,[date]
903,[date]
904,[date]
905,[date]
906,[date]
907,[date]
908,[date]
909,[date]
910,[date]
911,[date]
912,[date]
913,[date]
914,[date]
915,[date]
916,[date]
917,[date]
918,[date]
919,[date]
920,[date]
921,[date]
922,[date]
923,[date]
924,[date]
925,[date]
926,[date]
927,[date]
928,[date]
929,[date]
930,[date]
931,[date]
932,[date]
933,[date]
934,[date]
935,[date]
936,[date]
937,[date]
938,[date]
939,[date]
940,[date]
941,[date]
942,[date]
943,[date]
944,[date]
945,[date]
946,[date]
947,[date]
948,[date]
949,[date]
950,[date]
951,[date]
952,[date]
953,[date]
954,[date]
955,[date]
956,[date]
957,[date]
958,[date]
959,[date]
960,[date]
961,[date]
962,[date]
963,[date]
964,[date]
965,[date]
966,[date]
967,[date]
968,[date]
969,[date]
970,[date]
971,[date]
972,[date]
973,[date]
974,[date]
975,[date]
976,[date]
977,[date]
978,[date]
979,[date]
980,[date]
981,[date]
982,[date]
983,[date]
984,[date]
985,[date]
986,[date]
987,[date]
988,[date]
989,[date]
990,[date]
991,[date]
992,[date]
993,[date]
994,[date]
995,[date]
996,[date]
997,[date]
998,[date]
999,[date]
1000,[date]
1001,[date]
1002,[date]
1003,[date]
1004,[date]
1005,[date]
1006,[date]
1007,[date]
1008,[date]
1009,[date]
1010,[date]
1011,[date]
1012,[date]
1013,[date]
1014,[date]
1015,[date]
1016,[date]
1017,[date]
1018,[date]
1019,[date]
1020,[date]
1021,[date]
1022,[date]
1023,[date]
1024,[date]
1025,[date]
1026,[date]
1027,[date]
1028,[date]
1029,[date]
1030,[date]
1031,[date]
1032,[date]
1033,[date]
1034,[date]
1035,[date]
1036,[date]
1037,[date]
1038,[date]
1039,[date]
1040,[date]
1041,[date]
1042,[date]
1043,[date]
1044,[date]
1045,[date]
1046,[date]
1047,[date]
1048,[date]
1049,[date]
1050,[date]
1051,[date]
1052,[date]
1053,[date]
1054,[date]
1055,[date]
1056,[date]
1057,[date]
1058,[date]
1059,[date]
1060,[date]
1061,[date]
1062,[date]
1063,[date]
1064,[date]
1065,[date]
1066,[date]
1067,[date]
1068,[date]
1069,[date]
1070,[date]
1071,[date]
1072,[date]
1073,[date]
1074,[date]
1075,[date]
1076,[date]
1077,[date]
1078,[date]
1079,[date]
1080,[date]
1081,[date]
1082,[date]
1083,[date]
1084,[date]
1085,[date]
1086,[date]
1087,[date]
1088,[date]
1089,[date]
1090,[date]
1091,[date]
1092,[date]
1093,[date]
1094,[date]
1095,[date]
1096,[date]
1097,[date]
1098,[date]
1099,[date]
1100,[date]
1101,[date]
1102,[date]
1103,[date]
1104,[date]
1105,[date]
1106,[date]
1107,[date]
1108,[date]
1109,[date]
1110,[date]
1111,[date]
1112,[date]
1113,[date]
1114,[date]
1115,[date]
1116,[date]
1117,[date]
1118,[date]
1119,[date]
1120,[date]
1121,[date]
1122,[date]
1123,[date]
1124,[date]
1125,[date]
1126,[date]
1127,[date]
1128,[date]
1129,[date]
1130,[date]
1131,[date]
1132,[date]
1133,[date]
1134,[date]
1135,[date]
1136,[date]
1137,[date]
1138,[date]
1139,[date]
1140,[date]
1141,[date]
1142,[date]
1143,[date]
1144,[date]
1145,[date]
1146,[date]
1147,[date]
1148,[date]
1149,[date]
1150,[date]
1151,[date]
1152,[date]
1153,[date]
1154,[date]
1155,[date]
1156,[date]
1157,[date]
1158,[date]
1159,[date]
1160,[date]
1161,[date]
1162,[date]
1163,[date]
1164,[date]
1165,[date]
1166,[date]
1167,[date]
1168,[date]
1169,[date]
1170,[date]
1171,[date]
1172,[date]
1173,[date]
1174,[date]
1175,[date]
1176,[date]
1177,[date]
1178,[date]
1179,[date]
1180,[date]
1181,[date]
1182,[date]
1183,[date]
1184,[date]
1185,[date]
1186,[date]
1187,[date]
1188,[date]
1189,[date]
1190,[date]
1191,[date]
1192,[date]
1193,[date]
1194,[date]
1195,[date]
1196,[date]
1197,[date]
1198,[date]
1199,[date]
1200,[date]
1201,[date]
1202,[date]
1203,[date]
1204,[date]
1205,[date]
1206,[date]
1207,[date]
1208,[date]
1209,[date]
1210,[date]
1211,[date]
1212,[date]
1213,[date]
1214,[date]
1215,[date]
1216,[date]
1217,[date]
1218,[date]
1219,[date]
1220,[date]
1221,[date]
1222,[date]
1223,[date]
1224,[date]
1225,[date]
1226,[date]
1227,[date]
1228,[date]
1229,[date]
1230,[date]
1231,[date]
1232,[date]
1233,[date]
1234,[date]
1235,[date]
1236,[date]
1237,[date]
1238,[date]
1239,[date]
1240,[date]
1241,[date]
1242,[date]
1243,[date]
1244,[date]
1245,[date]
1246,[date]
1247,[date]
1248,[date]
1249,[date]
1250,[date]
1251,[date]
1252,[date]
1253,[date]
1254,[date]
1255,[date]
1256,[date]
1257,[date]
1258,[date]
1259,[date]
1260,[date]
1261,[date]
1262,[date]
1263,[date]
1264,[date]
1265,[date]
1266,[date]
1267,[date]
1268,[date]
1269,[date]
1270,[date]
1271,[date]
1272,[date]
1273,[date]
1274,[date]
1275,[date]
1276,[date]
1277,[date]
1278,[date]
1279,[date]
1280,[date]
1281,[date]
1282,[date]
1283,[date]
1284,[date]
1285,[date]
1286,[date]
1287,[date]
1288,[date]
1289,[date]
1290,[date]
1291,[date]
1292,[date]
1293,[date]
1294,[date]
1295,[date]
1296,[date]
1297,[date]
1298,[date]
1299,[date]
1300,[date]
1301,[date]
1302,[date]
1303,[date]
1304,[date]
1305,[date]
1306,[date]
1307,[date]
1308,[date]
1309,[date]
1310,[date]
1311,[date]
1312,[date]
1313,[date]
1314,[date]
1315,[date]
1316,[date]
1317,[date]
1318,[date]
1319,[date]
1320,[date]
1321,[date]
1322,[date]
1323,[date]
1324,[date]
1325,[date]
1326,[date]
1327,[date]
1328,[date]
1329,[date]
1330,[date]
1331,[date]
1332,[date]
1333,[date]
1334,[date]
1335,[date]
1336,[date]
1337,[date]
1338,[date]
1339,[date]
1340,[date]
1341,[date]
1342,[date]
1343,[date]
1344,[date]
1345,[date]
1346,[date]
1347,[date]
1348,[date]
1349,[date]
1350,[date]
1351,[date]
1352,[date]
1353,[date]
1354,[date]
1355,[date]
1356,[date]
1357,[date]
1358,[date]
1359,[date]
1360,[date]
1361,[date]
1362,[date]
1363,[date]
1364,[date]
1365,[date]
1366,[date]
1367,[date]
1368,[date]
1369,[date]
1370,[date]
1371,[date]
1372,[date]
1373,[date]
1374,[date]
1375,[date]
1376,[date]
1377,[date]
1378,[date]
1379,[date]
1380,[date]
1381,[date]
1382,[date]
1383,[date]
1384,[date]
1385,[date]
1386,[date]
1387,[date]
1388,[date]
1389,[date]
1390,[date]
1391,[date]
1392,[date]
1393,[date]
1394,[date]
1395,[date]
1396,[date]
1397,[date]
1398,[date]
1399,[date]
1400,[date]
1401,[date]
1402,[date]
1403,[date]
1404,[date]
1405,[date]
1406,[date]
1407,[date]
1408,[date]
1409,[date]
1410,[date]
1411,[date]
1412,[date]
1413,[date]
1414,[date]
1415,[date]
1416,[date]
1417,[date]
1418,[date]
1419,[date]
1420,[date]
1421,[date]
1422,[date]
1423,[date]
1424,[date]
1425,[date]
1426,[date]
1427,[date]
1428,[date]
1429,[date]
1430,[date]
1431,[date]
1432,[date]
1433,[date]
1434,[date]
1435,[date]
1436,[date]
1437,[date]
1438,[date]
1439,[date]
1440,[date]
1441,[date]
1442,[date]
1443,[date]
1444,[date]
1445,[date]
1446,[date]
1447,[date]
1448,[date]
1449,[date]
1450,[date]
1451,[date]
1452,[date]
1453,[date]
1454,[date]
1455,[date]
1456,[date]
1457,[date]
1458,[date]
1459,[date]
1460,[date]
1461,[date]
1462,[date]
1463,[date]
1464,[date]
1465,[date]
1466,[date]
1467,[date]
1468,[date]
1469,[date]
1470,[date]
1471,[date]
1472,[date]
1473,[date]
1474,[date]
1475,[date]
1476,[date]
1477,[date]
1478,[date]
1479,[date]
1480,[date]
1481,[date]
1482,[date]
1483,[date]
1484,[date]
1485,[date]
1486,[date]
1487,[date]
1488,[date]
1489,[date]
1490,[date]
1491,[date]
1492,[date]
1493,[date]
1494,[date]
1495,[date]
1496,[date]
1497,[date]
1498,[date]
1499,[date]
1500,[date]
1501,[date]
1502,[date]
1503,[date]
1504,[date]
1505,[date]
1506,[date]
1507,[date]
1508,[date]
1509,[date]
1510,[date]
1511,[date]
1512,[date]
1513,[date]
1514,[date]
1515,[date]
1516,[date]
1517,[date]
1518,[date]
1519,[date]
1520,[date]
1521,[date]
1522,[date]
1523,[date]
1524,[date]
1525,[date]
1526,[date]
1527,[date]
1528,[date]
1529,[date]
1530,[date]
1531,[date]
1532,[date]
1533,[date]
1534,[date]
1535,[date]
1536,[date]
1537,[date]
1538,[date]
1539,[date]
1540,[date]
1541,[date]
1542,[date]
1543,[date]
1544,[date]
1545,[date]
1546,[date]
1547,[date]
1548,[date]
1549,[date]
1550,[date]
1551,[date]
1552,[date]
1553,[date]
1554,[date]
1555,[date]
1556,[date]
1557,[date]
1558,[date]
1559,[date]
1560,[date]
1561,[date]
1562,[date]
1563,[date]
1564,[date]
1565,[date]
1566,[date]
1567,[date]
1568,[date]
1569,[date]
1570,[date]
1571,[date]
1572,[date]
1573,[date]
1574,[date]
1575,[date]
1576,[date]
1577,[date]
1578,[date]
1579,[date]
1580,[date]
1581,[date]
1582,[date]
1583,[date]
1584,[date]
1585,[date]
1586,[date]
1587,[date]
1588,[date]
1589,[date]
1590,[date]
1591,[date]
1592,[date]
1593,[date]
1594,[date]
1595,[date]
1596,[date]
1597,[date]
1598,[date]
1599,[date]
1600,[date]
1601,[date]
1602,[date]
1603,[date]
1604,[date]
1605,[date]
1606,[date]
1607,[date]
1608,[date]
1609,[date]
1610,[date]
1611,[date]
1612,[date]
1613,[date]
1614,[date]
1615,[date]
1616,[date]
1617,[date]
1618,[date]
1619,[date]
1620,[date]
1621,[date]
1622,[date]
1623,[date]
1624,[date]
1625,[date]
1626,[date]
1627,[date]
1628,[date]
1629,[date]
1630,[date]
1631,[date]
1632,[date]
1633,[date]
1634,[date]
1635,[date]
1636,[date]
1637,[date]
1638,[date]
1639,[date]
1640,[date]
1641,[date]
1642,[date]
1643,[date]
1644,[date]
1645,[date]
1646,[date]
1647,[date]
1648,[date]
1649,[date]
1650,[date]
1651,[date]
1652,[date]
1653,[date]
1654,[date]
1655,[date]
1656,[date]
1657,[date]
1658,[date]
1659,[date]
1660,[date]
1661,[date]
1662,[date]
1663,[date]
1664,[date]
1665,[date]
1666,[date]
1667,[date]
1668,[date]
1669,[date]
1670,[date]
1671,[date]
1672,[date]
1673,[date]
1674,[date]
1675,[date]
1676,[date]
1677,[date]
1678,[date]
1679,[date]
1680,[date]
1681,[date]
1682,[date]
1683,[date]
1684,[date]
1685,[date]
1686,[date]
1687,[date]
1688,[date]
1689,[date]
1690,[date]
1691,[date]
1692,[date]
1693,[date]
1694,[date]
1695,[date]
1696,[date]
1697,[date]
1698,[date]
1699,[date]
1700,[date]
1701,[date]
1702,[date]
1703,[date]
1704,[date]
1705,[date]
1706,[date]
1707,[date]
1708,[date]
1709,[date]
1710,[date]
1711,[date]
1712,[date]
1713,[date]
1714,[date]
1715,[date]
1716,[date]
1717,[date]
1718,[date]
1719,[date]
1720,[date]
1721,[date]
1722,[date]
1723,[date]
1724,[date]
1725,[date]
1726,[date]
1727,[date]
1728,[date]
1729,[date]
1730,[date]
1731,[date]
1732,[date]
1733,[date]
1734,[date]
1735,[date]
1736,[date]
1737,[date]
1738,[date]
1739,[date]
1740,[date]
1741,[date]
1742,[date]
1743,[date]
1744,[date]
1745,[date]
1746,[date]
1747,[date]
1748,[date]
1749,[date]
1750,[date]
1751,[date]
1752,[date]
1753,[date]
1754,[date]
1755,[date]
1756,[date]
1757,[date]
1758,[date]
1759,[date]
1760,[date]
1761,[date]
1762,[date]
1763,[date]
1764,[date]
1765,[date]
1766,[date]
1767,[date]
1768,[date]
1769,[date]
1770,[date]
1771,[date]
1772,[date]
1773,[date]
1774,[date]
1775,[date]
1776,[date]
1777,[date]
1778,[date]
1779,[date]
1780,[date]
1781,[date]
1782,[date]
1783,[date]
1784,[date]
1785,[date]
1786,[date]
1787,[date]
1788,[date]
1789,[date]
1790,[date]
1791,[date]
1792,[date]
1793,[date]
1794,[date]
1795,[date]
1796,[date]
1797,[date]
1798,[date]
1799,[date]
1800,[date]
1801,[date]
1802,[date]
1803,[date]
1804,[date]
1805,[date]
1806,[date]
1807,[date]
1808,[date]
1809,[date]
1810,[date]
1811,[date]
1812,[date]
1813,[date]
1814,[date]
1815,[date]
1816,[date]
1817,[date]
1818,[date]
1819,[date]
1820,[date]
1821,[date]
1822,[date]
1823,[date]
1824,[date]
1825,[date]
1826,[date]
1827,[date]
1828,[date]
1829,[date]
1830,[date]
1831,[date]
1832,[date]
1833,[date]
1834,[date]
1835,[date]
1836,[date]
1837,[date]
1838,[date]
1839,[date]
1840,[date]
1841,[date]
1842,[date]
1843,[date]
1844,[date]
1845,[date]
1846,[date]
1847,[date]
1848,[date]
1849,[date]
1850,[date]
1851,[date]
1852,[date]
1853,[date]
1854,[date]
1855,[date]
1856,[date]
1857,[date]
1858,[date]
1859,[date]
1860,[date]
1861,[date]
1862,[date]
1863,[date]
1864,[date]
1865,[date]
1866,[date]
1867,[date]
1868,[date]
1869,[date]
1870,[date]
1871,[date]
1872,[date]
1873,[date]
1874,[date]
1875,[date]
1876,[date]
1877,[date]
1878,[date]
1879,[date]
1880,[date]
1881,[date]
1882,[date]
1883,[date]
1884,[date]
1885,[date]
1886,[date]
1887,[date]
1888,[date]
1889,[date]
1890,[date]
1891,[date]
1892,[date]
1893,[date]
1894,[date]
1895,[date]
1896,[date]
1897,[date]
1898,[date]
1899,[date]
1900,[date]
1901,[date]
1902,[date]
1903,[date]
1904,[date]
1905,[date]
1906,[date]
1907,[date]
1908,[date]
1909,[date]
1910,[date]
1911,[date]
1912,[date]
1913,[date]
1914,[date]
1915,[date]
1916,[date]
1917,[date]
1918,[date]
1919,[date]
1920,[date]
1921,[date]
1922,[date]
1923,[date]
1924,[date]
1925,[date]
1926,[date]
1927,[date]
1928,[date]
1929,[date]
1930,[date]
1931,[date]
1932,[date]
1933,[date]
1934,[date]
1935,[date]
1936,[date]
1937,[date]
1938,[date]
1939,[date]
1940,[date]
1941,[date]
1942,[date]
1943,[date]
1944,[date]
1945,[date]
1946,[date]
1947,[date]
1948,[date]
1949,[date]
1950,[date]
1951,[date]
1952,[date]
1953,[date]
1954,[date]
1955,[date]
1956,[date]
1957,[date]
1958,[date]
1959,[date]
1960,[date]
1961,[date]
1962,[date]
1963,[date]
1964,[date]
1965,[date]
1966,[date]
1967,[date]
1968,[date]
1969,[date]
1970,[date]
1971,[date]
1972,[date]
1973,[date]
1974,[date]
1975,[date]
1976,[date]
1977,[date]
1978,[date]
1979,[date]
1980,[date]
1981,[date]
1982,[date]
1983,[date]
1984,[date]
1985,[date]
1986,[date]
1987,[date]
1988,[date]
1989,[date]
1990,[date]
1991,[date]
1992,[date]
1993,[date]
1994,[date]
1995,[date]
1996,[date]
1997,[date]
1998,[date]
1999,[date]
2000,[date]
2001,[date]
2002,[date]
2003,[date]
2004,[date]
2005,[date]
2006,[date]
2007,[date]
2008,[date]
2009,[date]
2010,[date]
2011,[date]
2012,[date]
2013,[date]
2014,[date]
2015,[date]
2016,[date]
2017,[date]
2018,[date]
2019,[date]
2020,[date]
2021,[date]
2022,[date]
2023,[date]
2024,[date]
2025,[date]
2026,[date]
2027,[date]
2028,[date]
2029,[date]
2030,[date]
2031,[date]
2032,[date]
2033,[date]
2034,[date]
2035,[date]
2036,[date]
2037,[date]
2038,[date]
2039,[date]
2040,[date]
2041,[date]
2042,[date]
2043,[date]
2044,[date]
2045,[date]
2046,[date]
2047,[date]
2048,[date]
2049,[date]
2050,[date]
2051,[date]
2052,[date]
2053,[date]
2054,[date]
2055,[date]
2056,[date]
2057,[date]
2058,[date]
2059,[date]
2060,[date]
2061,[date]
2062,[date]
2063,[date]
2064,[date]
2065,[date]
2066,[date]
2067,[date]
2068,[date]
2069,[date]
2070,[date]
2071,[date]
2072,[date]
2073,[date]
2074,[date]
2075,[date]
2076,[date]
2077,[date]
2078,[date]
2079,[date]
2080,[date]
2081,[date]
2082,[date]
2083,[date]
2084,[date]
2085,[date]
2086,[date]
2087,[date]
2088,[date]
2089,[date]
2090,[date]
2091,[date]
2092,[date]
2093,[date]
2094,[date]
2095,[date]
2096,[date]
2097,[date]
2098,[date]
2099,[date]
2100,[date]
2101,[date]
2102,[date]
2103,[date]
2104,[date]
2105,[date]
2106,[date]
2107,[date]
2108,[date]
2109,[date]
2110,[date]
2111,[date]
2112,[date]
2113,[date]
2114,[date]
2115,[date]
2116,[date]
2117,[date]
2118,[date]
2119,[date]
2120,[date]
2121,[date]
2122,[date]
2123,[date]
2124,[date]
2125,[date]
2126,[date]
2127,[date]
2128,[date]
2129,[date]
2130,[date]
2131,[date]
2132,[date]
2133,[date]
2134,[date]
2135,[date]
2136,[date]
2137,[date]
2138,[date]
2139,[date]
2140,[date]
2141,[date]
2142,[date]
2143,[date]
2144,[date]
2145,[date]
2146,[]
2147,[date]
2148,[date]
2149,[date]
2150,[]
2151,[]
2152,[date]
2153,[]
2154,[date]
2155,[]
2156,[]
2157,[]
2158,[date]
2159,[]
2160,[date]
2161,[]
2162,[]
2163,[]
2164,[date]
2165,[]
2166,[]
2167,[]
2168,[]
2169,[date]
2170,[]
2171,[]
2172,[date]
2173,[date]
2174,[]
2175,[date]
2176,[]
2177,[]
2178,[]
2179,[]
2180,[]
2181,[]
2182,[]
2183,[]
2184,[date]
2185,[date]
2186,[]
2187,[]
2188,[]
2189,[date]
2190,[]
2191,[]
2192,[date]
2193,[]
2194,[date]
2195,[]
2196,[]
2197,[]
2198,[]
2199,[]
2200,[]
2201,[]
2202,[]
2203,[]
2204,[]
2205,[]
2206,[]
2207,[]
2208,[date]
2209,[]
2210,[]
2211,[]
2212,[]
2213,[]
2214,[date]
2215,[]
2216,[]
2217,[]
2218,[]
2219,[]
2220,[date]
2221,[date]
2222,[]
2223,[date]
2224,[date]
2225,[]
2226,[]
2227,[]
2228,[date]
2229,[date]
2230,[]
2231,[]
2232,[]
2233,[date]
2234,[]
2235,[date]
2236,[]
2237,[]
2238,[date]
2239,[date]
2240,[]
2241,[date]
2242,[]
2243,[]
2244,[date]
2245,[]
2246,[]
2247,[]
2248,[]
2249,[]
2250,[date]
2251,[]
2252,[]
2253,[]
2254,[]
2255,[]
2256,[date]
2257,[]
2258,[date]
2259,[]
2260,[]
2261,[]
2262,[]
2263,[]
2264,[date]
2265,[]
2266,[]
2267,[]
2268,[]
2269,[]
2270,[date]
2271,[]
2272,[date]
2273,[]
2274,[]
2275,[]
2276,[]
2277,[]
2278,[]
2279,[]
2280,[date]
2281,[date]
2282,[]
2283,[date]
2284,[]
2285,[date]
2286,[]
2287,[]
2288,[date]
2289,[date]
2290,[]
2291,[]
2292,[date]
2293,[]
2294,[]
2295,[]
2296,[]
2297,[date]
2298,[]
2299,[]
2300,[]
2301,[]
2302,[]
2303,[]
2304,[date]
2305,[]
2306,[]
2307,[]
2308,[]
2309,[]
2310,[]
2311,[]
2312,[]
2313,[]
2314,[date]
2315,[]
2316,[date]
2317,[date]
2318,[]
2319,[]
2320,[]
2321,[]
2322,[]
2323,[]
2324,[date]
2325,[]
2326,[date]
2327,[]
2328,[]
2329,[]
2330,[date]
2331,[]
2332,[date]
2333,[]
2334,[]
2335,[date]
2336,[]
2337,[]
2338,[]
2339,[]
2340,[]
2341,[]
2342,[]
2343,[date]
2344,[]
2345,[]
2346,[]
2347,[]
2348,[]
2349,[]
2350,[]
2351,[]
2352,[]
2353,[]
2354,[]
2355,[]
2356,[]
2357,[]
2358,[]
2359,[]
2360,[date]
2361,[]
2362,[]
2363,[]
2364,[]
2365,[]
2366,[]
2367,[]
2368,[]
2369,[date]
2370,[]
2371,[]
2372,[]
2373,[]
2374,[date]
2375,[]
2376,[]
2377,[]
2378,[]
2379,[date]
2380,[date]
2381,[]
2382,[]
2383,[]
2384,[]
2385,[date]
2386,[]
2387,[]
2388,[date]
2389,[date]
2390,[]
2391,[]
2392,[]
2393,[]
2394,[]
2395,[date]
2396,[]
2397,[]
2398,[]
2399,[date]
2400,[]
2401,[]
2402,[]
2403,[]
2404,[date]
2405,[]
2406,[]
2407,[date]
2408,[]
2409,[]
2410,[]
2411,[]
2412,[]
2413,[]
2414,[]
2415,[]
2416,[date]
2417,[date]
2418,[date]
2419,[date]
2420,[]
2421,[]
2422,[]
2423,[]
2424,[date]
2425,[date]
2426,[]
2427,[]
2428,[]
2429,[]
2430,[date]
2431,[]
2432,[]
2433,[]
2434,[]
2435,[]
2436,[date]
2437,[date]
2438,[]
2439,[]
2440,[]
2441,[date]
2442,[]
2443,[]
2444,[date]
2445,[]
2446,[date]
2447,[date]
2448,[]
2449,[]
2450,[]
2451,[]
2452,[]
2453,[]
2454,[date]
2455,[]
2456,[]
2457,[date]
2458,[]
2459,[]
2460,[date]
2461,[]
2462,[]
2463,[]
2464,[date]
2465,[]
2466,[date]
2467,[]
2468,[]
2469,[]
2470,[]
2471,[]
2472,[]
2473,[date]
2474,[date]
2475,[date]
2476,[]
2477,[]
2478,[date]
2479,[]
2480,[]
2481,[date]
2482,[date]
2483,[]
2484,[]
2485,[]
2486,[]
2487,[]
2488,[]
2489,[]
2490,[date]
2491,[date]
2492,[date]
2493,[date]
2494,[date]
2495,[date]
2496,[date]
2497,[date]
2498,[date]
2499,[date]
2500,[date]
2501,[date]
2502,[date]
2503,[date]
2504,[date]
2505,[date]
2506,[date]
2507,[date]
2508,[date]
2509,[date]
2510,[date]
2511,[date]
2512,[date]
2513,[date]
2514,[date]
2515,[date]
2516,[date]
2517,[date]
2518,[date]
2519,[date]
2520,[date]
2521,[date]
2522,[date]
2523,[date]
2524,[date]
2525,[date]
2526,[date]
2527,[date]
2528,[date]
2529,[date]
2530,[date]
2531,[date]
2532,[date]
2533,[date]
2534,[date]
2535,[date]
2536,[date]
2537,[date]
2538,[date]
2539,[date]
2540,[date]
2541,[date]
2542,[date]
2543,[date]
2544,[date]
2545,[date]
2546,[date]
2547,[date]
2548,[date]
2549,[date]
2550,[date]
2551,[date]
2552,[date]
2553,[date]
2554,[date]
2555,[date]
2556,[date]
2557,[date]
2558,[date]
2559,[date]
2560,[date]
2561,[date]
2562,[date]
2563,[date]
2564,[date]
2565,[date]
2566,[date]
2567,[date]
2568,[date]
2569,[date]
2570,[date]
2571,[date]
2572,[date]
2573,[date]
2574,[date]
2575,[date]
2576,[date]
2577,[date]
2578,[date]
2579,[date]
2580,[date]
2581,[date]
2582,[date]
2583,[date]
2584,[date]
2585,[date]
2586,[date]
2587,[date]
2588,[date]
2589,[date]
2590,[date]
2591,[date]
2592,[date]
2593,[date]
2594,[date]
2595,[date]
2596,[date]
2597,[date]
2598,[date]
2599,[date]
2600,[date]
2601,[date]
2602,[date]
2603,[date]
2604,[date]
2605,[date]
2606,[date]
2607,[date]
2608,[date]
2609,[date]
2610,[date]
2611,[date]
2612,[date]
2613,[date]
2614,[date]
2615,[date]
2616,[date]
2617,[date]
2618,[date]
2619,[date]
2620,[date]
2621,[date]
2622,[date]
2623,[date]
2624,[date]
2625,[date]
2626,[date]
2627,[date]
2628,[date]
2629,[date]
2630,[date]
2631,[date]
2632,[date]
2633,[date]
2634,[date]
2635,[date]
2636,[date]
2637,[date]
2638,[date]
2639,[date]
2640,[date]
2641,[date]
2642,[date]
2643,[date]
2644,[date]
2645,[date]
2646,[date]
2647,[date]
2648,[date]
2649,[date]
2650,[date]
2651,[date]
2652,[date]
2653,[date]
2654,[date]
2655,[date]
2656,[date]
2657,[date]
2658,[date]
2659,[date]
2660,[date]
2661,[date]
2662,[date]
2663,[date]
2664,[date]
2665,[date]
2666,[date]
2667,[date]
2668,[date]
2669,[date]
2670,[date]
2671,[date]
2672,[date]
2673,[date]
2674,[date]
2675,[date]
2676,[date]
2677,[date]
2678,[date]
2679,[date]
2680,[date]
2681,[date]
2682,[date]
2683,[date]
2684,[date]
2685,[date]
2686,[date]
2687,[date]
2688,[date]
2689,[date]
2690,[date]
2691,[date]
2692,[date]
2693,[date]
2694,[date]
2695,[date]
2696,[date]
2697,[date]
2698,[date]
2699,[date]
2700,[date]
2701,[date]
2702,[date]
2703,[date]
2704,[date]
2705,[date]
2706,[date]
2707,[date]
2708,[date]
2709,[date]
2710,[date]
2711,[date]
2712,[date]
2713,[date]
2714,[date]
2715,[date]
2716,[date]
2717,[date]
2718,[date]
2719,[date]
2720,[date]
2721,[date]
2722,[date]
2723,[date]
2724,[date]
2725,[date]
2726,[date]
2727,[date]
2728,[date]
2729,[date]
2730,[date]
2731,[date]
2732,[date]
2733,[date]
2734,[date]
2735,[date]
2736,[date]
2737,[date]
2738,[date]
2739,[date]
2740,[date]
2741,[date]
2742,[date]
2743,[date]
2744,[date]
2745,[date]
2746,[date]
2747,[date]
2748,[date]
2749,[date]
2750,[date]
2751,[date]
2752,[date]
2753,[date]
2754,[date]
2755,[date]
2756,[date]
2757,[date]
2758,[date]
2759,[date]
2760,[date]
2761,[date]
2762,[date]
2763,[date]
2764,[date]
2765,[date]
2766,[date]
2767,[date]
2768,[date]
2769,[date]
2770,[date]
2771,[date]
2772,[date]
2773,[date]
2774,[date]
2775,[date]
2776,[date]
2777,[date]
2778,[date]
2779,[date]
2780,[date]
2781,[date]
2782,[date]
2783,[date]
2784,[date]
2785,[date]
2786,[date]
2787,[date]
2788,[date]
2789,[date]
2790,[date]
2791,[date]
2792,[date]
2793,[date]
2794,[date]
2795,[date]
2796,[date]
2797,[date]
2798,[date]
2799,[date]
2800,[date]
2801,[date]
2802,[date]
2803,[date]
2804,[date]
2805,[date]
2806,[date]
2807,[date]
2808,[date]
2809,[date]
2810,[date]
2811,[date]
2812,[date]
2813,[date]
2814,[date]
2815,[date]
2816,[date]
2817,[date]
2818,[date]
2819,[date]
2820,[date]
2821,[date]
2822,[date]
2823,[date]
2824,[date]
2825,[date]
2826,[date]
2827,[date]
2828,[date]
2829,[date]
2830,[date]
2831,[date]
2832,[date]
2833,[date]
2834,[date]
2835,[date]
2836,[date]
2837,[date]
2838,[date]
2839,[date]
2840,[date]
2841,[date]
2842,[date]
2843,[date]
2844,[date]
2845,[date]
2846,[date]
2847,[date]
2848,[date]
2849,[date]
2850,[date]
2851,[date]
2852,[date]
2853,[date]
2854,[date]
2855,[date]
2856,[date]
2857,[date]
2858,[date]
2859,[date]
2860,[date]
2861,[date]
2862,[date]
2863,[date]
2864,[date]
2865,[date]
2866,[date]
2867,[date]
2868,[date]
2869,[date]
2870,[date]
2871,[date]
2872,[date]
2873,[date]
2874,[date]
2875,[date]
2876,[date]
2877,[date]
2878,[date]
2879,[date]
2880,[date]
2881,[date]
2882,[date]
2883,[date]
2884,[date]
2885,[date]
2886,[date]
2887,[date]
2888,[date]
2889,[date]
2890,[date]
2891,[date]
2892,[date]
2893,[date]
2894,[date]
2895,[date]
2896,[date]
2897,[date]
2898,[date]
2899,[date]
2900,[date]
2901,[date]
2902,[date]
2903,[date]
2904,[date]
2905,[date]
2906,[date]
2907,[date]
2908,[date]
2909,[date]
2910,[date]
2911,[date]
2912,[date]
2913,[date]
2914,[date]
2915,[date]
2916,[date]
2917,[date]
2918,[date]
2919,[date]
2920,[date]
2921,[date]
2922,[date]
2923,[date]
2924,[date]
2925,[date]
2926,[date]
2927,[date]
2928,[date]
2929,[date]
2930,[date]
2931,[date]
2932,[date]
2933,[date]
2934,[date]
2935,[date]
2936,[date]
2937,[date]
2938,[date]
2939,[date]
2940,[date]
2941,[date]
2942,[date]
2943,[date]
2944,[date]
2945,[date]
2946,[date]
2947,[date]
2948,[date]
2949,[date]
2950,[date]
2951,[date]
2952,[date]
2953,[date]
2954,[date]
2955,[date]
2956,[date]
2957,[date]
2958,[date]
2959,[date]
2960,[date]
2961,[date]
2962,[date]
2963,[date]
2964,[date]
2965,[date]
2966,[date]
2967,[date]
2968,[date]
2969,[date]
2970,[date]
2971,[date]
2972,[date]
2973,[date]
2974,[date]
2975,[date]
2976,[date]
2977,[date]
2978,[date]
2979,[date]
2980,[date]
2981,[date]
2982,[date]
2983,[date]
2984,[date]
2985,[date]
2986,[date]
2987,[date]
2988,[date]
2989,[date]
2990,[date]
2991,[date]
2992,[date]
2993,[date]
2994,[date]
2995,[date]
2996,[date]
2997,[date]
2998,[date]
2999,[date]
3000,[date]
3001,[date]
3002,[date]
3003,[date]
3004,[date]
3005,[date]
3006,[date]
3007,[date]
3008,[date]
3009,[date]
3010,[date]
3011,[date]
3012,[date]
3013,[date]
3014,[date]
3015,[date]
3016,[date]
3017,[date]
3018,[date]
3019,[date]
3020,[date]
3021,[date]
3022,[date]
3023,[date]
3024,[date]
3025,[date]
3026,[date]
3027,[date]
3028,[date]
3029,[date]
3030,[date]
3031,[date]
3032,[date]
3033,[date]
3034,[date]
3035,[date]
3036,[date]
3037,[date]
3038,[date]
3039,[date]
3040,[date]
3041,[date]
3042,[date]
3043,[date]
3044,[date]
3045,[date]
3046,[date]
3047,[date]
3048,[date]
3049,[date]
3050,[date]
3051,[date]
3052,[date]
3053,[date]
3054,[date]
3055,[date]
3056,[date]
3057,[date]
3058,[date]
3059,[date]
3060,[date]
3061,[date]
3062,[date]
3063,[date]
3064,[date]
3065,[date]
3066,[date]
3067,[date]
3068,[date]
3069,[date]
3070,[date]
3071,[date]
3072,[date]
3073,[date]
3074,[date]
3075,[date]
3076,[date]
3077,[date]
3078,[date]
3079,[date]
3080,[date]
3081,[date]
3082,[date]
3083,[date]
3084,[date]
3085,[date]
3086,[date]
3087,[date]
3088,[date]
3089,[date]
3090,[date]
3091,[date]
3092,[date]
3093,[date]
3094,[date]
3095,[date]
3096,[date]
3097,[date]
3098,[date]
3099,[date]
3100,[date]
3101,[date]
3102,[date]
3103,[date]
3104,[date]
3105,[date]
3106,[date]
3107,[date]
3108,[date]
3109,[date]
3110,[date]
3111,[date]
3112,[date]
3113,[date]
3114,[date]
3115,[date]
3116,[date]
3117,[date]
3118,[date]
3119,[date]
3120,[date]
3121,[date]
3122,[date]
3123,[date]
3124,[date]
3125,[date]
3126,[date]
3127,[date]
3128,[date]
3129,[date]
3130,[date]
3131,[date]
3132,[date]
3133,[date]
3134,[date]
3135,[date]
3136,[date]
3137,[date]
3138,[date]
3139,[date]
3140,[date]
3141,[date]
3142,[date]
3143,[date]
3144,[date]
3145,[date]
3146,[date]
3147,[date]
3148,[date]
3149,[date]
3150,[date]
3151,[date]
3152,[date]
3153,[date]
3154,[date]
3155,[date]
3156,[date]
3157,[date]
3158,[date]
3159,[date]
3160,[date]
3161,[date]
3162,[date]
3163,[date]
3164,[date]
3165,[date]
3166,[date]
3167,[date]
3168,[date]
3169,[date]
3170,[date]
3171,[date]
3172,[date]
3173,[date]
3174,[date]
3175,[date]
3176,[date]
3177,[date]
3178,[date]
3179,[date]
3180,[date]
3181,[date]
3182,[date]
3183,[date]
3184,[date]
3185,[date]
3186,[date]
3187,[date]
3188,[date]
3189,[date]
3190,[date]
3191,[date]
3192,[date]
3193,[date]
3194,[date]
3195,[date]
3196,[date]
3197,[date]
3198,[date]
3199,[date]
3200,[date]
3201,[date]
3202,[date]
3203,[date]
3204,[date]
3205,[]
3206,[date]
3207,[date]
3208,[date]
3209,[date]
3210,[date]
3211,[date]
3212,[date]
3213,[date]
3214,[date]
3215,[date]
3216,[date]
3217,[date]
3218,[date]
3219,[date]
3220,[date]
3221,[date]
3222,[date]
3223,[date]
3224,[date]
3225,[date]
3226,[date]
3227,[date]
3228,[date]
3229,[date]
3230,[date]
3231,[date]
3232,[date]
3233,[date]
3234,[date]
3235,[date]
3236,[date]
3237,[date]
3238,[date]
3239,[date]
3240,[date]
3241,[date]
3242,[date]
3243,[date]
3244,[date]
3245,[date]
3246,[date]
3247,[date]
3248,[date]
3249,[date]
3250,[date]
3251,[date]
3252,[date]
3253,[date]
3254,[date]
3255,[date]
3256,[date]
3257,[date]
3258,[date]
3259,[date]
3260,[date]
3261,[date]
3262,[date]
3263,[date]
3264,[date]
3265,[date]
3266,[date]
3267,[date]
3268,[date]
3269,[date]
3270,[date]
3271,[date]
3272,[date]
3273,[date]
3274,[date]
3275,[date]
3276,[date]
3277,[date]
3278,[date]
3279,[date]
3280,[]
3281,[date]
3282,[date]
3283,[date]
3284,[date]
3285,[date]
3286,[date]
3287,[]
3288,[]
3289,[]
3290,[]
3291,[]
3292,[]
3293,[]
3294,[]
3295,[]
3296,[]
3297,[]
3298,[]
3299,[]
3300,[]
3301,[]
3302,[]
3303,[]
3304,[]
3305,[]
3306,[]
3307,[]
3308,[]
3309,[]
3310,[]
3311,[]
3312,[]
